filename,predicted
e742d34a26d4.jpg,0 0
b193b6a6d68d.jpg,0 0
07e4191fa3a8.jpg,0 0
b1a911cb2e6c.jpg,0 0
d8ab9cda1b33.jpg,0 0
93a65c4bb12f.jpg,0 0
da651785cb6f.jpg,0 0
c97cf1bb9dda.jpg,0 0
77f285bd000a.jpg,0 0
dfb9dbfb57d3.jpg,0 0
4819d3d87d8c.jpg,0 0
c1767ac51524.jpg,0 0
8ef0ebfcad18.jpg,0 0
fd6d348d75b5.jpg,0 0
17499e289fb9.jpg,0 0
8708a5b2f3ca.jpg,0 0
3afdadf9cd65.jpg,0 0
960ca4997c1c.jpg,0 0
071ac96c6277.jpg,0 0
5526860f96a0.jpg,0 0
489a8eca4c9b.jpg,0 0
4355e08cb1fa.jpg,0 0
d97ddf1bd830.jpg,0 0
5a38302c8a2e.jpg,0 0
a5d1658bbf2a.jpg,0 0
ca646454978c.jpg,0 0
906b99518157.jpg,0 0
28621c21d2a4.jpg,0 0
e66faecc5dd4.jpg,0 0
e114491eb96f.jpg,0 0
9e0e8197cd57.jpg,0 0
50230d5d03d3.jpg,0 0
0e8f6f78de8e.jpg,0 0
585bf566a30b.jpg,0 0
16b06bf75ffe.jpg,0 0
8fa95da1aa3b.jpg,0 0
dfc1d5e87efa.jpg,0 0
9b57eb482e41.jpg,0 0
aecbd4d6cebd.jpg,0 0
622888ed3cb2.jpg,0 0
aafb4993740d.jpg,0 0
f63e9544e6ee.jpg,0 0
195babc37bce.jpg,0 0
c51f6da80f78.jpg,0 0
f8bf49077929.jpg,0 0
8387a0cf8eac.jpg,0 0
bd4b810b3a83.jpg,0 0
5e9d63d72ee0.jpg,0 0
390138161940.jpg,0 0
5519085733f6.jpg,0 0
4bdeb0f7c764.jpg,0 0
5e4c7c390fe9.jpg,0 0
c70025e36c17.jpg,0 0
8cc8402ae0b2.jpg,0 0
761b6641dc12.jpg,0 0
d768a50d756b.jpg,0 0
1161e7d9e5dd.jpg,0 0
e979e3eee373.jpg,0 0
c8a7accc2a77.jpg,0 0
e39f3008bf96.jpg,0 0
e47c284004e6.jpg,0 0
8df478ea328b.jpg,0 0
3b12d587cd13.jpg,0 0
98803478a4db.jpg,0 0
73e97a1e3f05.jpg,0 0
5c52be4e37c2.jpg,0 0
0157f50bdb02.jpg,0 0
1a0b8042509f.jpg,0 0
f79254fec826.jpg,0 0
e14344a790d7.jpg,0 0
45a9a190d974.jpg,0 0
e96c1c76176e.jpg,0 0
2f42c96d9a22.jpg,0 0
25998eff816e.jpg,0 0
ff8dc962cf30.jpg,0 0
940f499de145.jpg,0 0
ff10d9cabf72.jpg,0 0
0fb6afc6bf23.jpg,0 0
d1f6c4ba5aca.jpg,0 0
24cad816b59a.jpg,0 0
0a2229abced7.jpg,0 0
21156eedc5be.jpg,0 0
be75bf342b83.jpg,0 0
1110107617e8.jpg,0 0
0c76ac934dd0.jpg,0 0
18c9cc711555.jpg,0 0
3dba0efa5993.jpg,0 0
952547934421.jpg,0 0
96c15d84c01d.jpg,0 0
51713efa5ef3.jpg,0 0
c1203ad7414f.jpg,0 0
6377e2e8f607.jpg,0 0
d4181554dea8.jpg,0 0
364938ff08b6.jpg,0 0
cd75fe5ba7d1.jpg,0 0
8a92bfcc3381.jpg,0 0
acb0602f9769.jpg,0 0
2895a7975a3c.jpg,0 0
a7e4726035f3.jpg,0 0
a786f44079f8.jpg,0 0
f4006f794dbd.jpg,0 0
3862b5cfcf23.jpg,0 0
ce86fdac6eab.jpg,0 0
a7fdf8187d64.jpg,0 0
22e016fba3d2.jpg,0 0
b29d4f46703c.jpg,0 0
165340d4842a.jpg,0 0
87d5a5679b28.jpg,0 0
f98d7e623b40.jpg,0 0
c8525de88b1b.jpg,0 0
417ea06fdc41.jpg,0 0
c4db1f4b90be.jpg,0 0
c62240a1ffd5.jpg,0 0
f6bbf37da77e.jpg,0 0
3de7174cd403.jpg,0 0
f0db314716be.jpg,0 0
1621e134ed91.jpg,0 0
f63fa5bec859.jpg,0 0
2455c796baeb.jpg,0 0
5b9de3877126.jpg,0 0
5752173778c6.jpg,0 0
b630f093f5a2.jpg,0 0
f068b5e5f96c.jpg,0 0
ede0bbd28aff.jpg,0 0
5ec138148199.jpg,0 0
db712bbbed4d.jpg,0 0
7e3da426748a.jpg,0 0
086144e3606c.jpg,0 0
5c1b13ff12a8.jpg,0 0
1427ee0e1ba6.jpg,0 0
565d3cf44888.jpg,0 0
ac9e0f196f5e.jpg,0 0
bffbc85be5e7.jpg,0 0
0afcc6fb9757.jpg,0 0
72eff690ef59.jpg,0 0
9fbe081d26e7.jpg,0 0
853cbd7a31d6.jpg,0 0
5aad92015b7b.jpg,0 0
fb7d093f6d5c.jpg,0 0
ddaa89fa83dc.jpg,0 0
24e316501681.jpg,0 0
8c08fa4cebb9.jpg,0 0
2dfe746ea266.jpg,0 0
f9d5e43ada76.jpg,0 0
2bf11c6b886e.jpg,0 0
40b08257f51d.jpg,0 0
9a8ee6d4879b.jpg,0 0
de66ea3fdb0c.jpg,0 0
572b27d86bca.jpg,0 0
1841af4a6f18.jpg,0 0
5fb87acef1c3.jpg,0 0
0c776121ce26.jpg,0 0
5e5b78bd7988.jpg,0 0
b3fdbdbf12ab.jpg,0 0
17aea1259258.jpg,0 0
cc1921c29ac3.jpg,0 0
68e8998927fd.jpg,0 0
df767351adab.jpg,0 0
2bd915ae127b.jpg,0 0
359107e62718.jpg,0 0
5db47529c50d.jpg,0 0
24edacd8d240.jpg,0 0
6155e89a6db0.jpg,0 0
b049ca422942.jpg,0 0
fdc6db50027d.jpg,0 0
4d72c3245d5d.jpg,0 0
86e1fae22d2f.jpg,0 0
d1935835d27c.jpg,0 0
2bccdda78054.jpg,0 0
a5289a80cde6.jpg,0 0
3f22b17f0fe3.jpg,0 0
6762f04d2ade.jpg,0 0
1274c90191aa.jpg,0 0
ce11cf9837fe.jpg,0 0
7980b3573971.jpg,0 0
9bdf97c78d3d.jpg,0 0
14c3dcc581cf.jpg,0 0
f18a024cd87b.jpg,0 0
a092712c294f.jpg,0 0
4307492a77f0.jpg,0 0
96f592c89318.jpg,0 0
c428d14e500b.jpg,0 0
d77e145f2232.jpg,0 0
f62ffcdd9b93.jpg,0 0
1d4772f70f75.jpg,0 0
68fd9a1ecc49.jpg,0 0
4371e748457d.jpg,0 0
dccb6d6bd65a.jpg,0 0
ed0a61c48ce7.jpg,0 0
864d0e481259.jpg,0 0
34594402fd63.jpg,0 0
56f3605e3931.jpg,0 0
dad4d83ee3ed.jpg,0 0
e1e13b252a40.jpg,0 0
fd5ea6c25090.jpg,0 0
89bdaf47d508.jpg,0 0
f8b5593cb685.jpg,0 0
b244da6be030.jpg,0 0
f1bec39f3fcc.jpg,0 0
1ed2c98fbbce.jpg,0 0
89ed60350cbc.jpg,0 0
a3491bf56b96.jpg,0 0
0be58442cd00.jpg,0 0
85b10789bafd.jpg,0 0
c5fa7d3f6e07.jpg,0 0
53058d82e03f.jpg,0 0
b5fc0d6c82fa.jpg,0 0
9b797e798a19.jpg,0 0
9666b2b83bc1.jpg,0 0
97ed5a5492b6.jpg,0 0
d7adc758cad1.jpg,0 0
69fe8beaa803.jpg,0 0
0ef55953c49f.jpg,0 0
c0fe32ee63a4.jpg,0 0
8f451802eecc.jpg,0 0
a6be70439c4e.jpg,0 0
e317697a67c9.jpg,0 0
ee80e23e786b.jpg,0 0
aeca80c09413.jpg,0 0
e5c368fd767d.jpg,0 0
90090216a27f.jpg,0 0
bf275a8e6f12.jpg,0 0
c7adf4c92e54.jpg,0 0
7b1f3c1d6719.jpg,0 0
dadc6a24363d.jpg,0 0
50d0d4e497d1.jpg,0 0
7976d9f0ba67.jpg,0 0
7fbc003e38e5.jpg,0 0
ca0a69724d43.jpg,0 0
4fe0dfd1503a.jpg,0 0
70a98be142b0.jpg,0 0
4e366b3832bd.jpg,0 0
723ee9a06cb6.jpg,0 0
77999631f2c5.jpg,0 0
e6a97c52fdb8.jpg,0 0
3d0e937e0d78.jpg,0 0
6b350c804b22.jpg,0 0
e603d5a49e9f.jpg,0 0
474a91fb70d1.jpg,0 0
96258437fab8.jpg,0 0
e400265b1672.jpg,0 0
ca33609c9a21.jpg,0 0
eb94725b1e09.jpg,0 0
b4b37bc96f4f.jpg,0 0
3babd2098a14.jpg,0 0
798f0062954c.jpg,0 0
e84feeb1f6ad.jpg,0 0
59937b62665f.jpg,0 0
312c43d207c9.jpg,0 0
913dfcc7ca6c.jpg,0 0
fe440994a53a.jpg,0 0
fec93b647234.jpg,0 0
6a4e26af7313.jpg,0 0
012df36af16b.jpg,0 0
43fb472ae7e8.jpg,0 0
657079228383.jpg,0 0
f11f0307e3d1.jpg,0 0
0baea1ca7a97.jpg,0 0
4cbbeddc4120.jpg,0 0
9a91dfacc73b.jpg,0 0
03e7e29071a5.jpg,0 0
b26e356e3570.jpg,0 0
b4441afaefa1.jpg,0 0
95bc34c7f046.jpg,0 0
c0feb89898f1.jpg,0 0
f1f26601ee86.jpg,0 0
447d5bd47e1c.jpg,0 0
f199de429cda.jpg,0 0
4de73086e6ed.jpg,0 0
49228688c46d.jpg,0 0
abe998c7f1ed.jpg,0 0
286a70652753.jpg,0 0
15ed4ca602f9.jpg,0 0
a5da404cff45.jpg,0 0
7f1b80a67c4f.jpg,0 0
8e9368d9328e.jpg,0 0
1ead3051e8f3.jpg,0 0
435229cf2d73.jpg,0 0
98147219dc1c.jpg,0 0
f6fbe7522506.jpg,0 0
ce8ba38beaea.jpg,0 0
026aa5bc0aea.jpg,0 0
dff0ade68330.jpg,0 0
2f091a49f704.jpg,0 0
7d258c959bfa.jpg,0 0
fe929c502d3a.jpg,0 0
1b92a0e1fbee.jpg,0 0
bb92837f34e3.jpg,0 0
b6259f353061.jpg,0 0
bbfa369a7186.jpg,0 0
c5305b32a76a.jpg,0 0
2eecb9318d63.jpg,0 0
1f585e5c6ba5.jpg,0 0
552cb491e997.jpg,0 0
d9a2a1689d0c.jpg,0 0
e29dc281a762.jpg,0 0
622d37ffc733.jpg,0 0
ac1e80e4a6af.jpg,0 0
bce7845cdadb.jpg,0 0
4e4e121d9f3f.jpg,0 0
1c0dd3dd5db9.jpg,0 0
42bcceb9a01e.jpg,0 0
b3dee5c8a6e2.jpg,0 0
352052af1e29.jpg,0 0
da6257e46eb4.jpg,0 0
2627f20b384e.jpg,0 0
d115add2822b.jpg,0 0
9d775eb814c8.jpg,0 0
cafa94085fab.jpg,0 0
88353acc8c71.jpg,0 0
459d8d770c0a.jpg,0 0
86df8c3a23bf.jpg,0 0
297ef3067e6c.jpg,0 0
7a922cbb6e08.jpg,0 0
721bd18e1164.jpg,0 0
a3c824f78aea.jpg,0 0
70b0b1239b5e.jpg,0 0
2013bd7058e9.jpg,0 0
a89173164a6e.jpg,0 0
86f0f00af5d2.jpg,0 0
b7f77111a71a.jpg,0 0
202ab69f283d.jpg,0 0
2ea24e6c60b7.jpg,0 0
40b385c98d69.jpg,0 0
6ccf0ca6294e.jpg,0 0
3497940cb289.jpg,0 0
3be0a8a87125.jpg,0 0
f28354c01e85.jpg,0 0
0e5235b62de8.jpg,0 0
39419a6b2555.jpg,0 0
237d1f7ab1a8.jpg,0 0
70dd34fa1711.jpg,0 0
0933da5cbc6a.jpg,0 0
c4cc58cb9855.jpg,0 0
8daefcd905a1.jpg,0 0
3083bf70fa81.jpg,0 0
2a598d9d4fbb.jpg,0 0
b710b2dc2ac1.jpg,0 0
32ba331911cd.jpg,0 0
e591448f86b1.jpg,0 0
096bbc178e17.jpg,0 0
97e57e4be2de.jpg,0 0
99938326d48b.jpg,0 0
9c5869a6207c.jpg,0 0
4474380d9854.jpg,0 0
c3d744001f2f.jpg,0 0
f7b9fdd3d7e1.jpg,0 0
937b3f57bea7.jpg,0 0
4caffcaefb29.jpg,0 0
efc0a0b72ad2.jpg,0 0
